Asset ID,Type,File path,Cue key,Bus,Origin / design,Licence,Variation,Looping
SFX_UI_BUTTON_01,SFX,assets/audio/sfx/ui_button/ui_button_01.wav,ui_button,UI,Original deterministic procedural synthesis,Project-owned original; no third-party material,variant 1/4,one-shot
SFX_UI_BUTTON_02,SFX,assets/audio/sfx/ui_button/ui_button_02.wav,ui_button,UI,Original deterministic procedural synthesis,Project-owned original; no third-party material,variant 2/4,one-shot
SFX_UI_BUTTON_03,SFX,assets/audio/sfx/ui_button/ui_button_03.wav,ui_button,UI,Original deterministic procedural synthesis,Project-owned original; no third-party material,variant 3/4,one-shot
SFX_UI_BUTTON_04,SFX,assets/audio/sfx/ui_button/ui_button_04.wav,ui_button,UI,Original deterministic procedural synthesis,Project-owned original; no third-party material,variant 4/4,one-shot
SFX_UI_NAVIGATION_01,SFX,assets/audio/sfx/ui_navigation/ui_navigation_01.wav,ui_navigation,UI,Original deterministic procedural synthesis,Project-owned original; no third-party material,variant 1/3,one-shot
SFX_UI_NAVIGATION_02,SFX,assets/audio/sfx/ui_navigation/ui_navigation_02.wav,ui_navigation,UI,Original deterministic procedural synthesis,Project-owned original; no third-party material,variant 2/3,one-shot
SFX_UI_NAVIGATION_03,SFX,assets/audio/sfx/ui_navigation/ui_navigation_03.wav,ui_navigation,UI,Original deterministic procedural synthesis,Project-owned original; no third-party material,variant 3/3,one-shot
SFX_MODAL_OPEN_01,SFX,assets/audio/sfx/modal_open/modal_open_01.wav,modal_open,UI,Original deterministic procedural synthesis,Project-owned original; no third-party material,variant 1/3,one-shot
SFX_MODAL_OPEN_02,SFX,assets/audio/sfx/modal_open/modal_open_02.wav,modal_open,UI,Original deterministic procedural synthesis,Project-owned original; no third-party material,variant 2/3,one-shot
SFX_MODAL_OPEN_03,SFX,assets/audio/sfx/modal_open/modal_open_03.wav,modal_open,UI,Original deterministic procedural synthesis,Project-owned original; no third-party material,variant 3/3,one-shot
SFX_MODAL_CLOSE_01,SFX,assets/audio/sfx/modal_close/modal_close_01.wav,modal_close,UI,Original deterministic procedural synthesis,Project-owned original; no third-party material,variant 1/3,one-shot
SFX_MODAL_CLOSE_02,SFX,assets/audio/sfx/modal_close/modal_close_02.wav,modal_close,UI,Original deterministic procedural synthesis,Project-owned original; no third-party material,variant 2/3,one-shot
SFX_MODAL_CLOSE_03,SFX,assets/audio/sfx/modal_close/modal_close_03.wav,modal_close,UI,Original deterministic procedural synthesis,Project-owned original; no third-party material,variant 3/3,one-shot
SFX_CONFIRMATION_01,SFX,assets/audio/sfx/confirmation/confirmation_01.wav,confirmation,UI,Original deterministic procedural synthesis,Project-owned original; no third-party material,variant 1/2,one-shot
SFX_CONFIRMATION_02,SFX,assets/audio/sfx/confirmation/confirmation_02.wav,confirmation,UI,Original deterministic procedural synthesis,Project-owned original; no third-party material,variant 2/2,one-shot
SFX_ERROR_01,SFX,assets/audio/sfx/error/error_01.wav,error,UI,Original deterministic procedural synthesis,Project-owned original; no third-party material,variant 1/3,one-shot
SFX_ERROR_02,SFX,assets/audio/sfx/error/error_02.wav,error,UI,Original deterministic procedural synthesis,Project-owned original; no third-party material,variant 2/3,one-shot
SFX_ERROR_03,SFX,assets/audio/sfx/error/error_03.wav,error,UI,Original deterministic procedural synthesis,Project-owned original; no third-party material,variant 3/3,one-shot
SFX_NOTIFICATION_01,SFX,assets/audio/sfx/notification/notification_01.wav,notification,UI,Original deterministic procedural synthesis,Project-owned original; no third-party material,variant 1/2,one-shot
SFX_NOTIFICATION_02,SFX,assets/audio/sfx/notification/notification_02.wav,notification,UI,Original deterministic procedural synthesis,Project-owned original; no third-party material,variant 2/2,one-shot
SFX_REWARD_01,SFX,assets/audio/sfx/reward/reward_01.wav,reward,UI,Original deterministic procedural synthesis,Project-owned original; no third-party material,variant 1/3,one-shot
SFX_REWARD_02,SFX,assets/audio/sfx/reward/reward_02.wav,reward,UI,Original deterministic procedural synthesis,Project-owned original; no third-party material,variant 2/3,one-shot
SFX_REWARD_03,SFX,assets/audio/sfx/reward/reward_03.wav,reward,UI,Original deterministic procedural synthesis,Project-owned original; no third-party material,variant 3/3,one-shot
SFX_LEVEL_UP_01,SFX,assets/audio/sfx/level_up/level_up_01.wav,level_up,UI,Original deterministic procedural synthesis,Project-owned original; no third-party material,variant 1/1,one-shot
SFX_QUEST_COMPLETE_01,SFX,assets/audio/sfx/quest_complete/quest_complete_01.wav,quest_complete,UI,Original deterministic procedural synthesis,Project-owned original; no third-party material,variant 1/2,one-shot
SFX_QUEST_COMPLETE_02,SFX,assets/audio/sfx/quest_complete/quest_complete_02.wav,quest_complete,UI,Original deterministic procedural synthesis,Project-owned original; no third-party material,variant 2/2,one-shot
SFX_ITEM_DISCOVERY_01,SFX,assets/audio/sfx/item_discovery/item_discovery_01.wav,item_discovery,UI,Original deterministic procedural synthesis,Project-owned original; no third-party material,variant 1/2,one-shot
SFX_ITEM_DISCOVERY_02,SFX,assets/audio/sfx/item_discovery/item_discovery_02.wav,item_discovery,UI,Original deterministic procedural synthesis,Project-owned original; no third-party material,variant 2/2,one-shot
SFX_ITEM_PICKUP_01,SFX,assets/audio/sfx/item_pickup/item_pickup_01.wav,item_pickup,SFX,Original deterministic procedural synthesis,Project-owned original; no third-party material,variant 1/4,one-shot
SFX_ITEM_PICKUP_02,SFX,assets/audio/sfx/item_pickup/item_pickup_02.wav,item_pickup,SFX,Original deterministic procedural synthesis,Project-owned original; no third-party material,variant 2/4,one-shot
SFX_ITEM_PICKUP_03,SFX,assets/audio/sfx/item_pickup/item_pickup_03.wav,item_pickup,SFX,Original deterministic procedural synthesis,Project-owned original; no third-party material,variant 3/4,one-shot
SFX_ITEM_PICKUP_04,SFX,assets/audio/sfx/item_pickup/item_pickup_04.wav,item_pickup,SFX,Original deterministic procedural synthesis,Project-owned original; no third-party material,variant 4/4,one-shot
SFX_ITEM_DROP_01,SFX,assets/audio/sfx/item_drop/item_drop_01.wav,item_drop,SFX,Original deterministic procedural synthesis,Project-owned original; no third-party material,variant 1/4,one-shot
SFX_ITEM_DROP_02,SFX,assets/audio/sfx/item_drop/item_drop_02.wav,item_drop,SFX,Original deterministic procedural synthesis,Project-owned original; no third-party material,variant 2/4,one-shot
SFX_ITEM_DROP_03,SFX,assets/audio/sfx/item_drop/item_drop_03.wav,item_drop,SFX,Original deterministic procedural synthesis,Project-owned original; no third-party material,variant 3/4,one-shot
SFX_ITEM_DROP_04,SFX,assets/audio/sfx/item_drop/item_drop_04.wav,item_drop,SFX,Original deterministic procedural synthesis,Project-owned original; no third-party material,variant 4/4,one-shot
SFX_MERGE_INVALID_01,SFX,assets/audio/sfx/merge_invalid/merge_invalid_01.wav,merge_invalid,SFX,Original deterministic procedural synthesis,Project-owned original; no third-party material,variant 1/3,one-shot
SFX_MERGE_INVALID_02,SFX,assets/audio/sfx/merge_invalid/merge_invalid_02.wav,merge_invalid,SFX,Original deterministic procedural synthesis,Project-owned original; no third-party material,variant 2/3,one-shot
SFX_MERGE_INVALID_03,SFX,assets/audio/sfx/merge_invalid/merge_invalid_03.wav,merge_invalid,SFX,Original deterministic procedural synthesis,Project-owned original; no third-party material,variant 3/3,one-shot
SFX_MERGE_GENERIC_01,SFX,assets/audio/sfx/merge_generic/merge_generic_01.wav,merge_generic,SFX,Original deterministic procedural synthesis,Project-owned original; no third-party material,variant 1/4,one-shot
SFX_MERGE_GENERIC_02,SFX,assets/audio/sfx/merge_generic/merge_generic_02.wav,merge_generic,SFX,Original deterministic procedural synthesis,Project-owned original; no third-party material,variant 2/4,one-shot
SFX_MERGE_GENERIC_03,SFX,assets/audio/sfx/merge_generic/merge_generic_03.wav,merge_generic,SFX,Original deterministic procedural synthesis,Project-owned original; no third-party material,variant 3/4,one-shot
SFX_MERGE_GENERIC_04,SFX,assets/audio/sfx/merge_generic/merge_generic_04.wav,merge_generic,SFX,Original deterministic procedural synthesis,Project-owned original; no third-party material,variant 4/4,one-shot
SFX_MERGE_WOOD_01,SFX,assets/audio/sfx/merge_wood/merge_wood_01.wav,merge_wood,SFX,Original deterministic procedural synthesis,Project-owned original; no third-party material,variant 1/4,one-shot
SFX_MERGE_WOOD_02,SFX,assets/audio/sfx/merge_wood/merge_wood_02.wav,merge_wood,SFX,Original deterministic procedural synthesis,Project-owned original; no third-party material,variant 2/4,one-shot
SFX_MERGE_WOOD_03,SFX,assets/audio/sfx/merge_wood/merge_wood_03.wav,merge_wood,SFX,Original deterministic procedural synthesis,Project-owned original; no third-party material,variant 3/4,one-shot
SFX_MERGE_WOOD_04,SFX,assets/audio/sfx/merge_wood/merge_wood_04.wav,merge_wood,SFX,Original deterministic procedural synthesis,Project-owned original; no third-party material,variant 4/4,one-shot
SFX_MERGE_METAL_01,SFX,assets/audio/sfx/merge_metal/merge_metal_01.wav,merge_metal,SFX,Original deterministic procedural synthesis,Project-owned original; no third-party material,variant 1/4,one-shot
SFX_MERGE_METAL_02,SFX,assets/audio/sfx/merge_metal/merge_metal_02.wav,merge_metal,SFX,Original deterministic procedural synthesis,Project-owned original; no third-party material,variant 2/4,one-shot
SFX_MERGE_METAL_03,SFX,assets/audio/sfx/merge_metal/merge_metal_03.wav,merge_metal,SFX,Original deterministic procedural synthesis,Project-owned original; no third-party material,variant 3/4,one-shot
SFX_MERGE_METAL_04,SFX,assets/audio/sfx/merge_metal/merge_metal_04.wav,merge_metal,SFX,Original deterministic procedural synthesis,Project-owned original; no third-party material,variant 4/4,one-shot
SFX_MERGE_MEDICAL_01,SFX,assets/audio/sfx/merge_medical/merge_medical_01.wav,merge_medical,SFX,Original deterministic procedural synthesis,Project-owned original; no third-party material,variant 1/3,one-shot
SFX_MERGE_MEDICAL_02,SFX,assets/audio/sfx/merge_medical/merge_medical_02.wav,merge_medical,SFX,Original deterministic procedural synthesis,Project-owned original; no third-party material,variant 2/3,one-shot
SFX_MERGE_MEDICAL_03,SFX,assets/audio/sfx/merge_medical/merge_medical_03.wav,merge_medical,SFX,Original deterministic procedural synthesis,Project-owned original; no third-party material,variant 3/3,one-shot
SFX_MERGE_FOOD_01,SFX,assets/audio/sfx/merge_food/merge_food_01.wav,merge_food,SFX,Original deterministic procedural synthesis,Project-owned original; no third-party material,variant 1/3,one-shot
SFX_MERGE_FOOD_02,SFX,assets/audio/sfx/merge_food/merge_food_02.wav,merge_food,SFX,Original deterministic procedural synthesis,Project-owned original; no third-party material,variant 2/3,one-shot
SFX_MERGE_FOOD_03,SFX,assets/audio/sfx/merge_food/merge_food_03.wav,merge_food,SFX,Original deterministic procedural synthesis,Project-owned original; no third-party material,variant 3/3,one-shot
SFX_MERGE_ELECTRONICS_01,SFX,assets/audio/sfx/merge_electronics/merge_electronics_01.wav,merge_electronics,SFX,Original deterministic procedural synthesis,Project-owned original; no third-party material,variant 1/4,one-shot
SFX_MERGE_ELECTRONICS_02,SFX,assets/audio/sfx/merge_electronics/merge_electronics_02.wav,merge_electronics,SFX,Original deterministic procedural synthesis,Project-owned original; no third-party material,variant 2/4,one-shot
SFX_MERGE_ELECTRONICS_03,SFX,assets/audio/sfx/merge_electronics/merge_electronics_03.wav,merge_electronics,SFX,Original deterministic procedural synthesis,Project-owned original; no third-party material,variant 3/4,one-shot
SFX_MERGE_ELECTRONICS_04,SFX,assets/audio/sfx/merge_electronics/merge_electronics_04.wav,merge_electronics,SFX,Original deterministic procedural synthesis,Project-owned original; no third-party material,variant 4/4,one-shot
SFX_MERGE_FUEL_01,SFX,assets/audio/sfx/merge_fuel/merge_fuel_01.wav,merge_fuel,SFX,Original deterministic procedural synthesis,Project-owned original; no third-party material,variant 1/3,one-shot
SFX_MERGE_FUEL_02,SFX,assets/audio/sfx/merge_fuel/merge_fuel_02.wav,merge_fuel,SFX,Original deterministic procedural synthesis,Project-owned original; no third-party material,variant 2/3,one-shot
SFX_MERGE_FUEL_03,SFX,assets/audio/sfx/merge_fuel/merge_fuel_03.wav,merge_fuel,SFX,Original deterministic procedural synthesis,Project-owned original; no third-party material,variant 3/3,one-shot
SFX_MERGE_HIGH_01,SFX,assets/audio/sfx/merge_high/merge_high_01.wav,merge_high,SFX,Original deterministic procedural synthesis,Project-owned original; no third-party material,variant 1/2,one-shot
SFX_MERGE_HIGH_02,SFX,assets/audio/sfx/merge_high/merge_high_02.wav,merge_high,SFX,Original deterministic procedural synthesis,Project-owned original; no third-party material,variant 2/2,one-shot
SFX_PRODUCER_ACTIVATE_01,SFX,assets/audio/sfx/producer_activate/producer_activate_01.wav,producer_activate,SFX,Original deterministic procedural synthesis,Project-owned original; no third-party material,variant 1/4,one-shot
SFX_PRODUCER_ACTIVATE_02,SFX,assets/audio/sfx/producer_activate/producer_activate_02.wav,producer_activate,SFX,Original deterministic procedural synthesis,Project-owned original; no third-party material,variant 2/4,one-shot
SFX_PRODUCER_ACTIVATE_03,SFX,assets/audio/sfx/producer_activate/producer_activate_03.wav,producer_activate,SFX,Original deterministic procedural synthesis,Project-owned original; no third-party material,variant 3/4,one-shot
SFX_PRODUCER_ACTIVATE_04,SFX,assets/audio/sfx/producer_activate/producer_activate_04.wav,producer_activate,SFX,Original deterministic procedural synthesis,Project-owned original; no third-party material,variant 4/4,one-shot
SFX_PRODUCER_EMPTY_01,SFX,assets/audio/sfx/producer_empty/producer_empty_01.wav,producer_empty,SFX,Original deterministic procedural synthesis,Project-owned original; no third-party material,variant 1/3,one-shot
SFX_PRODUCER_EMPTY_02,SFX,assets/audio/sfx/producer_empty/producer_empty_02.wav,producer_empty,SFX,Original deterministic procedural synthesis,Project-owned original; no third-party material,variant 2/3,one-shot
SFX_PRODUCER_EMPTY_03,SFX,assets/audio/sfx/producer_empty/producer_empty_03.wav,producer_empty,SFX,Original deterministic procedural synthesis,Project-owned original; no third-party material,variant 3/3,one-shot
SFX_PRODUCER_RECHARGE_01,SFX,assets/audio/sfx/producer_recharge/producer_recharge_01.wav,producer_recharge,SFX,Original deterministic procedural synthesis,Project-owned original; no third-party material,variant 1/3,one-shot
SFX_PRODUCER_RECHARGE_02,SFX,assets/audio/sfx/producer_recharge/producer_recharge_02.wav,producer_recharge,SFX,Original deterministic procedural synthesis,Project-owned original; no third-party material,variant 2/3,one-shot
SFX_PRODUCER_RECHARGE_03,SFX,assets/audio/sfx/producer_recharge/producer_recharge_03.wav,producer_recharge,SFX,Original deterministic procedural synthesis,Project-owned original; no third-party material,variant 3/3,one-shot
SFX_COIN_COLLECT_01,SFX,assets/audio/sfx/coin_collect/coin_collect_01.wav,coin_collect,UI,Original deterministic procedural synthesis,Project-owned original; no third-party material,variant 1/4,one-shot
SFX_COIN_COLLECT_02,SFX,assets/audio/sfx/coin_collect/coin_collect_02.wav,coin_collect,UI,Original deterministic procedural synthesis,Project-owned original; no third-party material,variant 2/4,one-shot
SFX_COIN_COLLECT_03,SFX,assets/audio/sfx/coin_collect/coin_collect_03.wav,coin_collect,UI,Original deterministic procedural synthesis,Project-owned original; no third-party material,variant 3/4,one-shot
SFX_COIN_COLLECT_04,SFX,assets/audio/sfx/coin_collect/coin_collect_04.wav,coin_collect,UI,Original deterministic procedural synthesis,Project-owned original; no third-party material,variant 4/4,one-shot
SFX_ENERGY_COLLECT_01,SFX,assets/audio/sfx/energy_collect/energy_collect_01.wav,energy_collect,UI,Original deterministic procedural synthesis,Project-owned original; no third-party material,variant 1/3,one-shot
SFX_ENERGY_COLLECT_02,SFX,assets/audio/sfx/energy_collect/energy_collect_02.wav,energy_collect,UI,Original deterministic procedural synthesis,Project-owned original; no third-party material,variant 2/3,one-shot
SFX_ENERGY_COLLECT_03,SFX,assets/audio/sfx/energy_collect/energy_collect_03.wav,energy_collect,UI,Original deterministic procedural synthesis,Project-owned original; no third-party material,variant 3/3,one-shot
SFX_CHEST_OPEN_01,SFX,assets/audio/sfx/chest_open/chest_open_01.wav,chest_open,SFX,Original deterministic procedural synthesis,Project-owned original; no third-party material,variant 1/3,one-shot
SFX_CHEST_OPEN_02,SFX,assets/audio/sfx/chest_open/chest_open_02.wav,chest_open,SFX,Original deterministic procedural synthesis,Project-owned original; no third-party material,variant 2/3,one-shot
SFX_CHEST_OPEN_03,SFX,assets/audio/sfx/chest_open/chest_open_03.wav,chest_open,SFX,Original deterministic procedural synthesis,Project-owned original; no third-party material,variant 3/3,one-shot
SFX_HAMMER_01,SFX,assets/audio/sfx/hammer/hammer_01.wav,hammer,Characters,Original deterministic procedural synthesis,Project-owned original; no third-party material,variant 1/8,one-shot
SFX_HAMMER_02,SFX,assets/audio/sfx/hammer/hammer_02.wav,hammer,Characters,Original deterministic procedural synthesis,Project-owned original; no third-party material,variant 2/8,one-shot
SFX_HAMMER_03,SFX,assets/audio/sfx/hammer/hammer_03.wav,hammer,Characters,Original deterministic procedural synthesis,Project-owned original; no third-party material,variant 3/8,one-shot
SFX_HAMMER_04,SFX,assets/audio/sfx/hammer/hammer_04.wav,hammer,Characters,Original deterministic procedural synthesis,Project-owned original; no third-party material,variant 4/8,one-shot
SFX_HAMMER_05,SFX,assets/audio/sfx/hammer/hammer_05.wav,hammer,Characters,Original deterministic procedural synthesis,Project-owned original; no third-party material,variant 5/8,one-shot
SFX_HAMMER_06,SFX,assets/audio/sfx/hammer/hammer_06.wav,hammer,Characters,Original deterministic procedural synthesis,Project-owned original; no third-party material,variant 6/8,one-shot
SFX_HAMMER_07,SFX,assets/audio/sfx/hammer/hammer_07.wav,hammer,Characters,Original deterministic procedural synthesis,Project-owned original; no third-party material,variant 7/8,one-shot
SFX_HAMMER_08,SFX,assets/audio/sfx/hammer/hammer_08.wav,hammer,Characters,Original deterministic procedural synthesis,Project-owned original; no third-party material,variant 8/8,one-shot
SFX_SAW_01,SFX,assets/audio/sfx/saw/saw_01.wav,saw,Characters,Original deterministic procedural synthesis,Project-owned original; no third-party material,variant 1/3,one-shot
SFX_SAW_02,SFX,assets/audio/sfx/saw/saw_02.wav,saw,Characters,Original deterministic procedural synthesis,Project-owned original; no third-party material,variant 2/3,one-shot
SFX_SAW_03,SFX,assets/audio/sfx/saw/saw_03.wav,saw,Characters,Original deterministic procedural synthesis,Project-owned original; no third-party material,variant 3/3,one-shot
SFX_WOOD_PLACE_01,SFX,assets/audio/sfx/wood_place/wood_place_01.wav,wood_place,Characters,Original deterministic procedural synthesis,Project-owned original; no third-party material,variant 1/6,one-shot
SFX_WOOD_PLACE_02,SFX,assets/audio/sfx/wood_place/wood_place_02.wav,wood_place,Characters,Original deterministic procedural synthesis,Project-owned original; no third-party material,variant 2/6,one-shot
SFX_WOOD_PLACE_03,SFX,assets/audio/sfx/wood_place/wood_place_03.wav,wood_place,Characters,Original deterministic procedural synthesis,Project-owned original; no third-party material,variant 3/6,one-shot
SFX_WOOD_PLACE_04,SFX,assets/audio/sfx/wood_place/wood_place_04.wav,wood_place,Characters,Original deterministic procedural synthesis,Project-owned original; no third-party material,variant 4/6,one-shot
SFX_WOOD_PLACE_05,SFX,assets/audio/sfx/wood_place/wood_place_05.wav,wood_place,Characters,Original deterministic procedural synthesis,Project-owned original; no third-party material,variant 5/6,one-shot
SFX_WOOD_PLACE_06,SFX,assets/audio/sfx/wood_place/wood_place_06.wav,wood_place,Characters,Original deterministic procedural synthesis,Project-owned original; no third-party material,variant 6/6,one-shot
SFX_METAL_FASTENING_01,SFX,assets/audio/sfx/metal_fastening/metal_fastening_01.wav,metal_fastening,Characters,Original deterministic procedural synthesis,Project-owned original; no third-party material,variant 1/5,one-shot
SFX_METAL_FASTENING_02,SFX,assets/audio/sfx/metal_fastening/metal_fastening_02.wav,metal_fastening,Characters,Original deterministic procedural synthesis,Project-owned original; no third-party material,variant 2/5,one-shot
SFX_METAL_FASTENING_03,SFX,assets/audio/sfx/metal_fastening/metal_fastening_03.wav,metal_fastening,Characters,Original deterministic procedural synthesis,Project-owned original; no third-party material,variant 3/5,one-shot
SFX_METAL_FASTENING_04,SFX,assets/audio/sfx/metal_fastening/metal_fastening_04.wav,metal_fastening,Characters,Original deterministic procedural synthesis,Project-owned original; no third-party material,variant 4/5,one-shot
SFX_METAL_FASTENING_05,SFX,assets/audio/sfx/metal_fastening/metal_fastening_05.wav,metal_fastening,Characters,Original deterministic procedural synthesis,Project-owned original; no third-party material,variant 5/5,one-shot
SFX_DEBRIS_CLEAR_01,SFX,assets/audio/sfx/debris_clear/debris_clear_01.wav,debris_clear,Characters,Original deterministic procedural synthesis,Project-owned original; no third-party material,variant 1/5,one-shot
SFX_DEBRIS_CLEAR_02,SFX,assets/audio/sfx/debris_clear/debris_clear_02.wav,debris_clear,Characters,Original deterministic procedural synthesis,Project-owned original; no third-party material,variant 2/5,one-shot
SFX_DEBRIS_CLEAR_03,SFX,assets/audio/sfx/debris_clear/debris_clear_03.wav,debris_clear,Characters,Original deterministic procedural synthesis,Project-owned original; no third-party material,variant 3/5,one-shot
SFX_DEBRIS_CLEAR_04,SFX,assets/audio/sfx/debris_clear/debris_clear_04.wav,debris_clear,Characters,Original deterministic procedural synthesis,Project-owned original; no third-party material,variant 4/5,one-shot
SFX_DEBRIS_CLEAR_05,SFX,assets/audio/sfx/debris_clear/debris_clear_05.wav,debris_clear,Characters,Original deterministic procedural synthesis,Project-owned original; no third-party material,variant 5/5,one-shot
SFX_DOOR_REPAIR_01,SFX,assets/audio/sfx/door_repair/door_repair_01.wav,door_repair,Characters,Original deterministic procedural synthesis,Project-owned original; no third-party material,variant 1/4,one-shot
SFX_DOOR_REPAIR_02,SFX,assets/audio/sfx/door_repair/door_repair_02.wav,door_repair,Characters,Original deterministic procedural synthesis,Project-owned original; no third-party material,variant 2/4,one-shot
SFX_DOOR_REPAIR_03,SFX,assets/audio/sfx/door_repair/door_repair_03.wav,door_repair,Characters,Original deterministic procedural synthesis,Project-owned original; no third-party material,variant 3/4,one-shot
SFX_DOOR_REPAIR_04,SFX,assets/audio/sfx/door_repair/door_repair_04.wav,door_repair,Characters,Original deterministic procedural synthesis,Project-owned original; no third-party material,variant 4/4,one-shot
SFX_WINDOW_BOARD_01,SFX,assets/audio/sfx/window_board/window_board_01.wav,window_board,Characters,Original deterministic procedural synthesis,Project-owned original; no third-party material,variant 1/6,one-shot
SFX_WINDOW_BOARD_02,SFX,assets/audio/sfx/window_board/window_board_02.wav,window_board,Characters,Original deterministic procedural synthesis,Project-owned original; no third-party material,variant 2/6,one-shot
SFX_WINDOW_BOARD_03,SFX,assets/audio/sfx/window_board/window_board_03.wav,window_board,Characters,Original deterministic procedural synthesis,Project-owned original; no third-party material,variant 3/6,one-shot
SFX_WINDOW_BOARD_04,SFX,assets/audio/sfx/window_board/window_board_04.wav,window_board,Characters,Original deterministic procedural synthesis,Project-owned original; no third-party material,variant 4/6,one-shot
SFX_WINDOW_BOARD_05,SFX,assets/audio/sfx/window_board/window_board_05.wav,window_board,Characters,Original deterministic procedural synthesis,Project-owned original; no third-party material,variant 5/6,one-shot
SFX_WINDOW_BOARD_06,SFX,assets/audio/sfx/window_board/window_board_06.wav,window_board,Characters,Original deterministic procedural synthesis,Project-owned original; no third-party material,variant 6/6,one-shot
SFX_GENERATOR_START_01,SFX,assets/audio/sfx/generator_start/generator_start_01.wav,generator_start,Characters,Original deterministic procedural synthesis,Project-owned original; no third-party material,variant 1/3,one-shot
SFX_GENERATOR_START_02,SFX,assets/audio/sfx/generator_start/generator_start_02.wav,generator_start,Characters,Original deterministic procedural synthesis,Project-owned original; no third-party material,variant 2/3,one-shot
SFX_GENERATOR_START_03,SFX,assets/audio/sfx/generator_start/generator_start_03.wav,generator_start,Characters,Original deterministic procedural synthesis,Project-owned original; no third-party material,variant 3/3,one-shot
SFX_TRAP_DEPLOY_01,SFX,assets/audio/sfx/trap_deploy/trap_deploy_01.wav,trap_deploy,Characters,Original deterministic procedural synthesis,Project-owned original; no third-party material,variant 1/4,one-shot
SFX_TRAP_DEPLOY_02,SFX,assets/audio/sfx/trap_deploy/trap_deploy_02.wav,trap_deploy,Characters,Original deterministic procedural synthesis,Project-owned original; no third-party material,variant 2/4,one-shot
SFX_TRAP_DEPLOY_03,SFX,assets/audio/sfx/trap_deploy/trap_deploy_03.wav,trap_deploy,Characters,Original deterministic procedural synthesis,Project-owned original; no third-party material,variant 3/4,one-shot
SFX_TRAP_DEPLOY_04,SFX,assets/audio/sfx/trap_deploy/trap_deploy_04.wav,trap_deploy,Characters,Original deterministic procedural synthesis,Project-owned original; no third-party material,variant 4/4,one-shot
SFX_FENCE_REPAIR_01,SFX,assets/audio/sfx/fence_repair/fence_repair_01.wav,fence_repair,Characters,Original deterministic procedural synthesis,Project-owned original; no third-party material,variant 1/4,one-shot
SFX_FENCE_REPAIR_02,SFX,assets/audio/sfx/fence_repair/fence_repair_02.wav,fence_repair,Characters,Original deterministic procedural synthesis,Project-owned original; no third-party material,variant 2/4,one-shot
SFX_FENCE_REPAIR_03,SFX,assets/audio/sfx/fence_repair/fence_repair_03.wav,fence_repair,Characters,Original deterministic procedural synthesis,Project-owned original; no third-party material,variant 3/4,one-shot
SFX_FENCE_REPAIR_04,SFX,assets/audio/sfx/fence_repair/fence_repair_04.wav,fence_repair,Characters,Original deterministic procedural synthesis,Project-owned original; no third-party material,variant 4/4,one-shot
SFX_FOOTSTEP_DIRT_01,SFX,assets/audio/sfx/footstep_dirt/footstep_dirt_01.wav,footstep_dirt,Characters,Original deterministic procedural synthesis,Project-owned original; no third-party material,variant 1/8,one-shot
SFX_FOOTSTEP_DIRT_02,SFX,assets/audio/sfx/footstep_dirt/footstep_dirt_02.wav,footstep_dirt,Characters,Original deterministic procedural synthesis,Project-owned original; no third-party material,variant 2/8,one-shot
SFX_FOOTSTEP_DIRT_03,SFX,assets/audio/sfx/footstep_dirt/footstep_dirt_03.wav,footstep_dirt,Characters,Original deterministic procedural synthesis,Project-owned original; no third-party material,variant 3/8,one-shot
SFX_FOOTSTEP_DIRT_04,SFX,assets/audio/sfx/footstep_dirt/footstep_dirt_04.wav,footstep_dirt,Characters,Original deterministic procedural synthesis,Project-owned original; no third-party material,variant 4/8,one-shot
SFX_FOOTSTEP_DIRT_05,SFX,assets/audio/sfx/footstep_dirt/footstep_dirt_05.wav,footstep_dirt,Characters,Original deterministic procedural synthesis,Project-owned original; no third-party material,variant 5/8,one-shot
SFX_FOOTSTEP_DIRT_06,SFX,assets/audio/sfx/footstep_dirt/footstep_dirt_06.wav,footstep_dirt,Characters,Original deterministic procedural synthesis,Project-owned original; no third-party material,variant 6/8,one-shot
SFX_FOOTSTEP_DIRT_07,SFX,assets/audio/sfx/footstep_dirt/footstep_dirt_07.wav,footstep_dirt,Characters,Original deterministic procedural synthesis,Project-owned original; no third-party material,variant 7/8,one-shot
SFX_FOOTSTEP_DIRT_08,SFX,assets/audio/sfx/footstep_dirt/footstep_dirt_08.wav,footstep_dirt,Characters,Original deterministic procedural synthesis,Project-owned original; no third-party material,variant 8/8,one-shot
SFX_FOOTSTEP_INTERIOR_01,SFX,assets/audio/sfx/footstep_interior/footstep_interior_01.wav,footstep_interior,Characters,Original deterministic procedural synthesis,Project-owned original; no third-party material,variant 1/8,one-shot
SFX_FOOTSTEP_INTERIOR_02,SFX,assets/audio/sfx/footstep_interior/footstep_interior_02.wav,footstep_interior,Characters,Original deterministic procedural synthesis,Project-owned original; no third-party material,variant 2/8,one-shot
SFX_FOOTSTEP_INTERIOR_03,SFX,assets/audio/sfx/footstep_interior/footstep_interior_03.wav,footstep_interior,Characters,Original deterministic procedural synthesis,Project-owned original; no third-party material,variant 3/8,one-shot
SFX_FOOTSTEP_INTERIOR_04,SFX,assets/audio/sfx/footstep_interior/footstep_interior_04.wav,footstep_interior,Characters,Original deterministic procedural synthesis,Project-owned original; no third-party material,variant 4/8,one-shot
SFX_FOOTSTEP_INTERIOR_05,SFX,assets/audio/sfx/footstep_interior/footstep_interior_05.wav,footstep_interior,Characters,Original deterministic procedural synthesis,Project-owned original; no third-party material,variant 5/8,one-shot
SFX_FOOTSTEP_INTERIOR_06,SFX,assets/audio/sfx/footstep_interior/footstep_interior_06.wav,footstep_interior,Characters,Original deterministic procedural synthesis,Project-owned original; no third-party material,variant 6/8,one-shot
SFX_FOOTSTEP_INTERIOR_07,SFX,assets/audio/sfx/footstep_interior/footstep_interior_07.wav,footstep_interior,Characters,Original deterministic procedural synthesis,Project-owned original; no third-party material,variant 7/8,one-shot
SFX_FOOTSTEP_INTERIOR_08,SFX,assets/audio/sfx/footstep_interior/footstep_interior_08.wav,footstep_interior,Characters,Original deterministic procedural synthesis,Project-owned original; no third-party material,variant 8/8,one-shot
SFX_TOOL_HANDLE_01,SFX,assets/audio/sfx/tool_handle/tool_handle_01.wav,tool_handle,Characters,Original deterministic procedural synthesis,Project-owned original; no third-party material,variant 1/6,one-shot
SFX_TOOL_HANDLE_02,SFX,assets/audio/sfx/tool_handle/tool_handle_02.wav,tool_handle,Characters,Original deterministic procedural synthesis,Project-owned original; no third-party material,variant 2/6,one-shot
SFX_TOOL_HANDLE_03,SFX,assets/audio/sfx/tool_handle/tool_handle_03.wav,tool_handle,Characters,Original deterministic procedural synthesis,Project-owned original; no third-party material,variant 3/6,one-shot
SFX_TOOL_HANDLE_04,SFX,assets/audio/sfx/tool_handle/tool_handle_04.wav,tool_handle,Characters,Original deterministic procedural synthesis,Project-owned original; no third-party material,variant 4/6,one-shot
SFX_TOOL_HANDLE_05,SFX,assets/audio/sfx/tool_handle/tool_handle_05.wav,tool_handle,Characters,Original deterministic procedural synthesis,Project-owned original; no third-party material,variant 5/6,one-shot
SFX_TOOL_HANDLE_06,SFX,assets/audio/sfx/tool_handle/tool_handle_06.wav,tool_handle,Characters,Original deterministic procedural synthesis,Project-owned original; no third-party material,variant 6/6,one-shot
SFX_HOLLOW_IDLE_01,SFX,assets/audio/sfx/hollow_idle/hollow_idle_01.wav,hollow_idle,Threats,Original deterministic procedural synthesis,Project-owned original; no third-party material,variant 1/5,one-shot
SFX_HOLLOW_IDLE_02,SFX,assets/audio/sfx/hollow_idle/hollow_idle_02.wav,hollow_idle,Threats,Original deterministic procedural synthesis,Project-owned original; no third-party material,variant 2/5,one-shot
SFX_HOLLOW_IDLE_03,SFX,assets/audio/sfx/hollow_idle/hollow_idle_03.wav,hollow_idle,Threats,Original deterministic procedural synthesis,Project-owned original; no third-party material,variant 3/5,one-shot
SFX_HOLLOW_IDLE_04,SFX,assets/audio/sfx/hollow_idle/hollow_idle_04.wav,hollow_idle,Threats,Original deterministic procedural synthesis,Project-owned original; no third-party material,variant 4/5,one-shot
SFX_HOLLOW_IDLE_05,SFX,assets/audio/sfx/hollow_idle/hollow_idle_05.wav,hollow_idle,Threats,Original deterministic procedural synthesis,Project-owned original; no third-party material,variant 5/5,one-shot
SFX_HOLLOW_DETECT_01,SFX,assets/audio/sfx/hollow_detect/hollow_detect_01.wav,hollow_detect,Threats,Original deterministic procedural synthesis,Project-owned original; no third-party material,variant 1/4,one-shot
SFX_HOLLOW_DETECT_02,SFX,assets/audio/sfx/hollow_detect/hollow_detect_02.wav,hollow_detect,Threats,Original deterministic procedural synthesis,Project-owned original; no third-party material,variant 2/4,one-shot
SFX_HOLLOW_DETECT_03,SFX,assets/audio/sfx/hollow_detect/hollow_detect_03.wav,hollow_detect,Threats,Original deterministic procedural synthesis,Project-owned original; no third-party material,variant 3/4,one-shot
SFX_HOLLOW_DETECT_04,SFX,assets/audio/sfx/hollow_detect/hollow_detect_04.wav,hollow_detect,Threats,Original deterministic procedural synthesis,Project-owned original; no third-party material,variant 4/4,one-shot
SFX_HOLLOW_ATTACK_01,SFX,assets/audio/sfx/hollow_attack/hollow_attack_01.wav,hollow_attack,Threats,Original deterministic procedural synthesis,Project-owned original; no third-party material,variant 1/5,one-shot
SFX_HOLLOW_ATTACK_02,SFX,assets/audio/sfx/hollow_attack/hollow_attack_02.wav,hollow_attack,Threats,Original deterministic procedural synthesis,Project-owned original; no third-party material,variant 2/5,one-shot
SFX_HOLLOW_ATTACK_03,SFX,assets/audio/sfx/hollow_attack/hollow_attack_03.wav,hollow_attack,Threats,Original deterministic procedural synthesis,Project-owned original; no third-party material,variant 3/5,one-shot
SFX_HOLLOW_ATTACK_04,SFX,assets/audio/sfx/hollow_attack/hollow_attack_04.wav,hollow_attack,Threats,Original deterministic procedural synthesis,Project-owned original; no third-party material,variant 4/5,one-shot
SFX_HOLLOW_ATTACK_05,SFX,assets/audio/sfx/hollow_attack/hollow_attack_05.wav,hollow_attack,Threats,Original deterministic procedural synthesis,Project-owned original; no third-party material,variant 5/5,one-shot
SFX_HOLLOW_HIT_01,SFX,assets/audio/sfx/hollow_hit/hollow_hit_01.wav,hollow_hit,Threats,Original deterministic procedural synthesis,Project-owned original; no third-party material,variant 1/4,one-shot
SFX_HOLLOW_HIT_02,SFX,assets/audio/sfx/hollow_hit/hollow_hit_02.wav,hollow_hit,Threats,Original deterministic procedural synthesis,Project-owned original; no third-party material,variant 2/4,one-shot
SFX_HOLLOW_HIT_03,SFX,assets/audio/sfx/hollow_hit/hollow_hit_03.wav,hollow_hit,Threats,Original deterministic procedural synthesis,Project-owned original; no third-party material,variant 3/4,one-shot
SFX_HOLLOW_HIT_04,SFX,assets/audio/sfx/hollow_hit/hollow_hit_04.wav,hollow_hit,Threats,Original deterministic procedural synthesis,Project-owned original; no third-party material,variant 4/4,one-shot
SFX_HOLLOW_COLLAPSE_01,SFX,assets/audio/sfx/hollow_collapse/hollow_collapse_01.wav,hollow_collapse,Threats,Original deterministic procedural synthesis,Project-owned original; no third-party material,variant 1/4,one-shot
SFX_HOLLOW_COLLAPSE_02,SFX,assets/audio/sfx/hollow_collapse/hollow_collapse_02.wav,hollow_collapse,Threats,Original deterministic procedural synthesis,Project-owned original; no third-party material,variant 2/4,one-shot
SFX_HOLLOW_COLLAPSE_03,SFX,assets/audio/sfx/hollow_collapse/hollow_collapse_03.wav,hollow_collapse,Threats,Original deterministic procedural synthesis,Project-owned original; no third-party material,variant 3/4,one-shot
SFX_HOLLOW_COLLAPSE_04,SFX,assets/audio/sfx/hollow_collapse/hollow_collapse_04.wav,hollow_collapse,Threats,Original deterministic procedural synthesis,Project-owned original; no third-party material,variant 4/4,one-shot
SFX_VEHICLE_START_01,SFX,assets/audio/sfx/vehicle_start/vehicle_start_01.wav,vehicle_start,SFX,Original deterministic procedural synthesis,Project-owned original; no third-party material,variant 1/4,one-shot
SFX_VEHICLE_START_02,SFX,assets/audio/sfx/vehicle_start/vehicle_start_02.wav,vehicle_start,SFX,Original deterministic procedural synthesis,Project-owned original; no third-party material,variant 2/4,one-shot
SFX_VEHICLE_START_03,SFX,assets/audio/sfx/vehicle_start/vehicle_start_03.wav,vehicle_start,SFX,Original deterministic procedural synthesis,Project-owned original; no third-party material,variant 3/4,one-shot
SFX_VEHICLE_START_04,SFX,assets/audio/sfx/vehicle_start/vehicle_start_04.wav,vehicle_start,SFX,Original deterministic procedural synthesis,Project-owned original; no third-party material,variant 4/4,one-shot
SFX_VEHICLE_DOOR_01,SFX,assets/audio/sfx/vehicle_door/vehicle_door_01.wav,vehicle_door,SFX,Original deterministic procedural synthesis,Project-owned original; no third-party material,variant 1/4,one-shot
SFX_VEHICLE_DOOR_02,SFX,assets/audio/sfx/vehicle_door/vehicle_door_02.wav,vehicle_door,SFX,Original deterministic procedural synthesis,Project-owned original; no third-party material,variant 2/4,one-shot
SFX_VEHICLE_DOOR_03,SFX,assets/audio/sfx/vehicle_door/vehicle_door_03.wav,vehicle_door,SFX,Original deterministic procedural synthesis,Project-owned original; no third-party material,variant 3/4,one-shot
SFX_VEHICLE_DOOR_04,SFX,assets/audio/sfx/vehicle_door/vehicle_door_04.wav,vehicle_door,SFX,Original deterministic procedural synthesis,Project-owned original; no third-party material,variant 4/4,one-shot
SFX_VEHICLE_EXHAUST_01,SFX,assets/audio/sfx/vehicle_exhaust/vehicle_exhaust_01.wav,vehicle_exhaust,SFX,Original deterministic procedural synthesis,Project-owned original; no third-party material,variant 1/3,one-shot
SFX_VEHICLE_EXHAUST_02,SFX,assets/audio/sfx/vehicle_exhaust/vehicle_exhaust_02.wav,vehicle_exhaust,SFX,Original deterministic procedural synthesis,Project-owned original; no third-party material,variant 2/3,one-shot
SFX_VEHICLE_EXHAUST_03,SFX,assets/audio/sfx/vehicle_exhaust/vehicle_exhaust_03.wav,vehicle_exhaust,SFX,Original deterministic procedural synthesis,Project-owned original; no third-party material,variant 3/3,one-shot
SFX_VEHICLE_HEADLIGHTS_01,SFX,assets/audio/sfx/vehicle_headlights/vehicle_headlights_01.wav,vehicle_headlights,SFX,Original deterministic procedural synthesis,Project-owned original; no third-party material,variant 1/2,one-shot
SFX_VEHICLE_HEADLIGHTS_02,SFX,assets/audio/sfx/vehicle_headlights/vehicle_headlights_02.wav,vehicle_headlights,SFX,Original deterministic procedural synthesis,Project-owned original; no third-party material,variant 2/2,one-shot
SFX_SCAVENGE_LAUNCH_01,SFX,assets/audio/sfx/scavenge_launch/scavenge_launch_01.wav,scavenge_launch,Characters,Original deterministic procedural synthesis,Project-owned original; no third-party material,variant 1/3,one-shot
SFX_SCAVENGE_LAUNCH_02,SFX,assets/audio/sfx/scavenge_launch/scavenge_launch_02.wav,scavenge_launch,Characters,Original deterministic procedural synthesis,Project-owned original; no third-party material,variant 2/3,one-shot
SFX_SCAVENGE_LAUNCH_03,SFX,assets/audio/sfx/scavenge_launch/scavenge_launch_03.wav,scavenge_launch,Characters,Original deterministic procedural synthesis,Project-owned original; no third-party material,variant 3/3,one-shot
SFX_SCAVENGE_SEARCH_01,SFX,assets/audio/sfx/scavenge_search/scavenge_search_01.wav,scavenge_search,Characters,Original deterministic procedural synthesis,Project-owned original; no third-party material,variant 1/5,one-shot
SFX_SCAVENGE_SEARCH_02,SFX,assets/audio/sfx/scavenge_search/scavenge_search_02.wav,scavenge_search,Characters,Original deterministic procedural synthesis,Project-owned original; no third-party material,variant 2/5,one-shot
SFX_SCAVENGE_SEARCH_03,SFX,assets/audio/sfx/scavenge_search/scavenge_search_03.wav,scavenge_search,Characters,Original deterministic procedural synthesis,Project-owned original; no third-party material,variant 3/5,one-shot
SFX_SCAVENGE_SEARCH_04,SFX,assets/audio/sfx/scavenge_search/scavenge_search_04.wav,scavenge_search,Characters,Original deterministic procedural synthesis,Project-owned original; no third-party material,variant 4/5,one-shot
SFX_SCAVENGE_SEARCH_05,SFX,assets/audio/sfx/scavenge_search/scavenge_search_05.wav,scavenge_search,Characters,Original deterministic procedural synthesis,Project-owned original; no third-party material,variant 5/5,one-shot
SFX_SCAVENGE_SUCCESS_01,SFX,assets/audio/sfx/scavenge_success/scavenge_success_01.wav,scavenge_success,UI,Original deterministic procedural synthesis,Project-owned original; no third-party material,variant 1/2,one-shot
SFX_SCAVENGE_SUCCESS_02,SFX,assets/audio/sfx/scavenge_success/scavenge_success_02.wav,scavenge_success,UI,Original deterministic procedural synthesis,Project-owned original; no third-party material,variant 2/2,one-shot
SFX_SCAVENGE_FAILURE_01,SFX,assets/audio/sfx/scavenge_failure/scavenge_failure_01.wav,scavenge_failure,Threats,Original deterministic procedural synthesis,Project-owned original; no third-party material,variant 1/2,one-shot
SFX_SCAVENGE_FAILURE_02,SFX,assets/audio/sfx/scavenge_failure/scavenge_failure_02.wav,scavenge_failure,Threats,Original deterministic procedural synthesis,Project-owned original; no third-party material,variant 2/2,one-shot
SFX_DEFENCE_WARNING_01,SFX,assets/audio/sfx/defence_warning/defence_warning_01.wav,defence_warning,Threats,Original deterministic procedural synthesis,Project-owned original; no third-party material,variant 1/2,one-shot
SFX_DEFENCE_WARNING_02,SFX,assets/audio/sfx/defence_warning/defence_warning_02.wav,defence_warning,Threats,Original deterministic procedural synthesis,Project-owned original; no third-party material,variant 2/2,one-shot
SFX_BARRICADE_IMPACT_01,SFX,assets/audio/sfx/barricade_impact/barricade_impact_01.wav,barricade_impact,Threats,Original deterministic procedural synthesis,Project-owned original; no third-party material,variant 1/8,one-shot
SFX_BARRICADE_IMPACT_02,SFX,assets/audio/sfx/barricade_impact/barricade_impact_02.wav,barricade_impact,Threats,Original deterministic procedural synthesis,Project-owned original; no third-party material,variant 2/8,one-shot
SFX_BARRICADE_IMPACT_03,SFX,assets/audio/sfx/barricade_impact/barricade_impact_03.wav,barricade_impact,Threats,Original deterministic procedural synthesis,Project-owned original; no third-party material,variant 3/8,one-shot
SFX_BARRICADE_IMPACT_04,SFX,assets/audio/sfx/barricade_impact/barricade_impact_04.wav,barricade_impact,Threats,Original deterministic procedural synthesis,Project-owned original; no third-party material,variant 4/8,one-shot
SFX_BARRICADE_IMPACT_05,SFX,assets/audio/sfx/barricade_impact/barricade_impact_05.wav,barricade_impact,Threats,Original deterministic procedural synthesis,Project-owned original; no third-party material,variant 5/8,one-shot
SFX_BARRICADE_IMPACT_06,SFX,assets/audio/sfx/barricade_impact/barricade_impact_06.wav,barricade_impact,Threats,Original deterministic procedural synthesis,Project-owned original; no third-party material,variant 6/8,one-shot
SFX_BARRICADE_IMPACT_07,SFX,assets/audio/sfx/barricade_impact/barricade_impact_07.wav,barricade_impact,Threats,Original deterministic procedural synthesis,Project-owned original; no third-party material,variant 7/8,one-shot
SFX_BARRICADE_IMPACT_08,SFX,assets/audio/sfx/barricade_impact/barricade_impact_08.wav,barricade_impact,Threats,Original deterministic procedural synthesis,Project-owned original; no third-party material,variant 8/8,one-shot
SFX_DEFENCE_SUCCESS_01,SFX,assets/audio/sfx/defence_success/defence_success_01.wav,defence_success,UI,Original deterministic procedural synthesis,Project-owned original; no third-party material,variant 1/1,one-shot
SFX_DEFENCE_FAILURE_01,SFX,assets/audio/sfx/defence_failure/defence_failure_01.wav,defence_failure,Threats,Original deterministic procedural synthesis,Project-owned original; no third-party material,variant 1/1,one-shot
SFX_DIALOGUE_ADVANCE_01,SFX,assets/audio/sfx/dialogue_advance/dialogue_advance_01.wav,dialogue_advance,UI,Original deterministic procedural synthesis,Project-owned original; no third-party material,variant 1/3,one-shot
SFX_DIALOGUE_ADVANCE_02,SFX,assets/audio/sfx/dialogue_advance/dialogue_advance_02.wav,dialogue_advance,UI,Original deterministic procedural synthesis,Project-owned original; no third-party material,variant 2/3,one-shot
SFX_DIALOGUE_ADVANCE_03,SFX,assets/audio/sfx/dialogue_advance/dialogue_advance_03.wav,dialogue_advance,UI,Original deterministic procedural synthesis,Project-owned original; no third-party material,variant 3/3,one-shot
SFX_DIALOGUE_CHOICE_01,SFX,assets/audio/sfx/dialogue_choice/dialogue_choice_01.wav,dialogue_choice,UI,Original deterministic procedural synthesis,Project-owned original; no third-party material,variant 1/2,one-shot
SFX_DIALOGUE_CHOICE_02,SFX,assets/audio/sfx/dialogue_choice/dialogue_choice_02.wav,dialogue_choice,UI,Original deterministic procedural synthesis,Project-owned original; no third-party material,variant 2/2,one-shot
SFX_RADIO_PULSE_01,SFX,assets/audio/sfx/radio_pulse/radio_pulse_01.wav,radio_pulse,Characters,Original deterministic procedural synthesis,Project-owned original; no third-party material,variant 1/4,one-shot
SFX_RADIO_PULSE_02,SFX,assets/audio/sfx/radio_pulse/radio_pulse_02.wav,radio_pulse,Characters,Original deterministic procedural synthesis,Project-owned original; no third-party material,variant 2/4,one-shot
SFX_RADIO_PULSE_03,SFX,assets/audio/sfx/radio_pulse/radio_pulse_03.wav,radio_pulse,Characters,Original deterministic procedural synthesis,Project-owned original; no third-party material,variant 3/4,one-shot
SFX_RADIO_PULSE_04,SFX,assets/audio/sfx/radio_pulse/radio_pulse_04.wav,radio_pulse,Characters,Original deterministic procedural synthesis,Project-owned original; no third-party material,variant 4/4,one-shot
MUS_MAIN_MENU,Music,assets/audio/music/main_menu_loop.wav,main_menu,Music,Restrained title motif with radio texture,Project-owned original; no third-party material,single original track,seamless 18s loop
MUS_SAFE_RESIDENCE,Music,assets/audio/music/safe_residence_loop.wav,safe_residence,Music,Warm acoustic-like haven ostinato,Project-owned original; no third-party material,single original track,seamless 20s loop
MUS_MERGE_BOARD,Music,assets/audio/music/merge_board_loop.wav,merge_board,Music,Low-fatigue workbench pulse,Project-owned original; no third-party material,single original track,seamless 16s loop
MUS_WORLD_MAP,Music,assets/audio/music/world_map_loop.wav,world_map,Music,Exploration motif,Project-owned original; no third-party material,single original track,seamless 18s loop
MUS_SCAVENGING,Music,assets/audio/music/scavenging_loop.wav,scavenging,Music,Cautious scavenging pulse,Project-owned original; no third-party material,single original track,seamless 16s loop
MUS_DIALOGUE,Music,assets/audio/music/dialogue_loop.wav,dialogue,Music,Sparse dialogue underscore,Project-owned original; no third-party material,single original track,seamless 20s loop
MUS_TENSION,Music,assets/audio/music/tension_loop.wav,tension,Music,Low-string tension bed,Project-owned original; no third-party material,single original track,seamless 14s loop
MUS_DEFENCE_PREPARATION,Music,assets/audio/music/defence_preparation_loop.wav,defence_preparation,Music,Defence preparation pulse,Project-owned original; no third-party material,single original track,seamless 16s loop
MUS_DEFENCE,Music,assets/audio/music/defence_loop.wav,defence,Music,Percussive defence loop,Project-owned original; no third-party material,single original track,seamless 14s loop
MUS_EMOTIONAL,Music,assets/audio/music/emotional_loop.wav,emotional,Music,Restrained emotional theme,Project-owned original; no third-party material,single original track,seamless 20s loop
MUS_VICTORY,Music,assets/audio/music/victory_loop.wav,victory,Music,Hopeful victory theme,Project-owned original; no third-party material,single original track,seamless 8s loop
MUS_RESIDENCE_COMPLETION,Music,assets/audio/music/residence_completion_loop.wav,residence_completion,Music,Residence completion theme,Project-owned original; no third-party material,single original track,seamless 10s loop
AMB_WIND,Ambience,assets/audio/ambience/wind_loop.wav,wind,Ambience,Rural wind,Project-owned original; no third-party material,single original loop,seamless 10s loop
AMB_RAIN,Ambience,assets/audio/ambience/rain_loop.wav,rain,Ambience,Steady rain,Project-owned original; no third-party material,single original loop,seamless 10s loop
AMB_THUNDER,Ambience,assets/audio/ambience/thunder_loop.wav,thunder,Ambience,Distant storm and thunder,Project-owned original; no third-party material,single original loop,seamless 12s loop
AMB_DISTANT_HOLLOW,Ambience,assets/audio/ambience/distant_hollow_loop.wav,distant_hollow,Ambience,Distant Hollow activity,Project-owned original; no third-party material,single original loop,seamless 12s loop
AMB_FOREST,Ambience,assets/audio/ambience/forest_loop.wav,forest,Ambience,Forest canopy and insects,Project-owned original; no third-party material,single original loop,seamless 12s loop
AMB_ABANDONED_BUILDING,Ambience,assets/audio/ambience/abandoned_building_loop.wav,abandoned_building,Ambience,Empty building room tone,Project-owned original; no third-party material,single original loop,seamless 10s loop
AMB_FIRE,Ambience,assets/audio/ambience/fire_loop.wav,fire,Ambience,Hearth fire,Project-owned original; no third-party material,single original loop,seamless 8s loop
AMB_LANTERN,Ambience,assets/audio/ambience/lantern_loop.wav,lantern,Ambience,Lantern flame,Project-owned original; no third-party material,single original loop,seamless 8s loop
AMB_GENERATOR,Ambience,assets/audio/ambience/generator_loop.wav,generator,Ambience,Generator idle,Project-owned original; no third-party material,single original loop,seamless 8s loop
AMB_ELECTRICAL_HUM,Ambience,assets/audio/ambience/electrical_hum_loop.wav,electrical_hum,Ambience,Electrical system hum,Project-owned original; no third-party material,single original loop,seamless 8s loop
AMB_ROAD,Ambience,assets/audio/ambience/road_loop.wav,road,Ambience,Distant road ambience,Project-owned original; no third-party material,single original loop,seamless 10s loop
AMB_VEHICLE_ENGINE,Ambience,assets/audio/ambience/vehicle_engine_loop.wav,vehicle_engine,Ambience,Old van engine idle loop,Project-owned original; no third-party material,single original loop,seamless 8s loop
AMB_HOLLOW_CREEK_STORM,Ambience,assets/audio/ambience/hollow_creek_storm_loop.wav,hollow_creek_storm,Ambience,Hollow Creek storm composite,Project-owned original; no third-party material,single original loop,seamless 12s loop
AMB_REDWATER_STATION,Ambience,assets/audio/ambience/redwater_station_loop.wav,redwater_station,Ambience,Redwater forecourt composite,Project-owned original; no third-party material,single original loop,seamless 12s loop
