Asset ID,Vehicle ID,Stage,Stage name,Existing requirement,Previous presentation,Production source,Runtime artwork,Source dimensions,Runtime dimensions,Transparency,Visual change,Animation,Audio,Integration status,Gameplay logic altered
VEH_DELIVERY_00,delivery_van,0,Abandoned Wreck,None,"Procedural rectangles and circles",assets/art/vehicles/delivery_van/source/stage_0_master.png,assets/art/vehicles/delivery_van/runtime/stage_0.png,418x418,512x512,Opaque,"Broken headlamp; body damage; flat tyres; heavy rust","Static wreck; reduced-motion-safe stage reveal",None,Integrated and verified,No
VEH_DELIVERY_01,delivery_van,1,Engine Repaired,vehicle_parts_3 x1,"Procedural amber engine rectangle",assets/art/vehicles/delivery_van/source/stage_1_master.png,assets/art/vehicles/delivery_van/runtime/stage_1.png,418x418,512x512,Opaque,"Repaired front; working lamps; engine online","Ignition bounce; suspension idle; exhaust; headlights; door-light reveal","vehicle_start; vehicle_exhaust; vehicle_headlights; vehicle_door; vehicle_engine",Integrated and verified,No
VEH_DELIVERY_02,delivery_van,2,Tyres Replaced,vehicle_parts_2 x1,"Procedural wheel colour change",assets/art/vehicles/delivery_van/source/stage_2_master.png,assets/art/vehicles/delivery_van/runtime/stage_2.png,418x418,512x512,Opaque,"Sound matching off-road tyres","Wheel-motion preview; dust; suspension","vehicle_start; vehicle_exhaust; vehicle_engine",Integrated and verified,No
VEH_DELIVERY_03,delivery_van,3,Fuel System Restored,fuel_3 x1,"Procedural fuel-cap dot",assets/art/vehicles/delivery_van/source/stage_3_master.png,assets/art/vehicles/delivery_van/runtime/stage_3.png,418x418,512x512,Opaque,"Restored fuel cap and stable running state","Stage crossfade; ignition; exhaust","vehicle_start; vehicle_exhaust; vehicle_engine",Integrated and verified,No
VEH_DELIVERY_04,delivery_van,4,Storage Racks Added,construction_3 x1,"Procedural grey rack rectangle",assets/art/vehicles/delivery_van/source/stage_4_master.png,assets/art/vehicles/delivery_van/runtime/stage_4.png,418x418,512x512,Opaque,"Visible fitted interior shelving and supplies","Stage crossfade; door-light inspection","vehicle_door; vehicle_engine",Integrated and verified,No
VEH_DELIVERY_05,delivery_van,5,Reinforced Windows,construction_4 x1,"Procedural blue window fill",assets/art/vehicles/delivery_van/source/stage_5_master.png,assets/art/vehicles/delivery_van/runtime/stage_5.png,418x418,512x512,Opaque,"Steel-mesh windscreen and side windows","Stage crossfade; install wash","vehicle_headlights; vehicle_door; vehicle_engine",Integrated and verified,No
VEH_DELIVERY_06,delivery_van,6,Front Ram Installed,construction_5 x1,"Procedural front rectangle",assets/art/vehicles/delivery_van/source/stage_6_master.png,assets/art/vehicles/delivery_van/runtime/stage_6.png,418x418,512x512,Opaque,"Heavy welded defensive ram","Stage crossfade; wheel/dust test","vehicle_start; vehicle_exhaust; vehicle_engine",Integrated and verified,No
VEH_DELIVERY_07,delivery_van,7,Roof Storage Installed,construction_3 x1,"Procedural roof rectangle",assets/art/vehicles/delivery_van/source/stage_7_master.png,assets/art/vehicles/delivery_van/runtime/stage_7.png,418x418,512x512,Opaque,"Roof rack with secured expedition cases","Stage crossfade; suspension and drive preview","vehicle_start; vehicle_exhaust; vehicle_engine",Integrated and verified,No
VEH_DELIVERY_08,delivery_van,8,Long-Range Expedition Configuration,electronics_4 x1,"Procedural antenna line",assets/art/vehicles/delivery_van/source/stage_8_master.png,assets/art/vehicles/delivery_van/runtime/stage_8.png,418x418,512x512,Opaque,"Complete ram; mesh; cargo; working lamps; radio antennas","Stage crossfade; radio pulse; engine/wheel/dust test","vehicle_start; vehicle_exhaust; vehicle_headlights; vehicle_engine",Integrated and verified,No
